serie,descricao,data,valor,fonte,coletado_em
3698,"câmbio R$/US$ venda, média mensal",01/01/2025,6.0218,bcb_sgs,2026-10-08
3698,"câmbio R$/US$ venda, média mensal",01/02/2025,5.7656,bcb_sgs,2026-10-08
3698,"câmbio R$/US$ venda, média mensal",01/03/2025,5.7468,bcb_sgs,2026-10-08
3698,"câmbio R$/US$ venda, média mensal",01/04/2025,5.7837,bcb_sgs,2026-10-08
3698,"câmbio R$/US$ venda, média mensal",01/05/2025,5.6674,bcb_sgs,2026-10-08
3698,"câmbio R$/US$ venda, média mensal",01/06/2025,5.5471,bcb_sgs,2026-10-08
3698,"câmbio R$/US$ venda, média mensal",01/07/2025,5.5285,bcb_sgs,2026-10-08
3698,"câmbio R$/US$ venda, média mensal",01/08/2025,5.4469,bcb_sgs,2026-10-08
3698,"câmbio R$/US$ venda, média mensal",01/09/2025,5.3674,bcb_sgs,2026-10-08
3698,"câmbio R$/US$ venda, média mensal",01/10/2025,5.3855,bcb_sgs,2026-10-08
3698,"câmbio R$/US$ venda, média mensal",01/11/2025,5.3409,bcb_sgs,2026-10-08
3698,"câmbio R$/US$ venda, média mensal",01/12/2025,5.4531,bcb_sgs,2026-10-08
3698,"câmbio R$/US$ venda, média mensal",01/01/2026,5.3380,bcb_sgs,2026-10-08
3698,"câmbio R$/US$ venda, média mensal",01/02/2026,5.2006,bcb_sgs,2026-10-08
3698,"câmbio R$/US$ venda, média mensal",01/03/2026,5.2316,bcb_sgs,2026-10-08
3698,"câmbio R$/US$ venda, média mensal",01/04/2026,5.0331,bcb_sgs,2026-10-08
3698,"câmbio R$/US$ venda, média mensal",01/05/2026,4.9837,bcb_sgs,2026-10-08
3698,"câmbio R$/US$ venda, média mensal",01/06/2026,5.1276,bcb_sgs,2026-10-08
3698,"câmbio R$/US$ venda, média mensal",01/07/2026,5.1139,bcb_sgs,2026-10-08
3698,"câmbio R$/US$ venda, média mensal",01/08/2026,5.1532,bcb_sgs,2026-10-08
3698,"câmbio R$/US$ venda, média mensal",01/09/2026,5.1447,bcb_sgs,2026-10-08
