coNcm,year,monthNumber,ncm,metricFOB,metricKG,fonte,coletado_em
25151220,2025,10,"Travertinos, simplesmente cortados a serra ou por outro meio, em blocos ou placas de forma quadrada ou retangular",2149377,5272538,comexstat,2026-10-08
25151220,2025,09,"Travertinos, simplesmente cortados a serra ou por outro meio, em blocos ou placas de forma quadrada ou retangular",2107209,5068988,comexstat,2026-10-08
25151220,2025,07,"Travertinos, simplesmente cortados a serra ou por outro meio, em blocos ou placas de forma quadrada ou retangular",1964058,4800333,comexstat,2026-10-08
25151220,2025,01,"Travertinos, simplesmente cortados a serra ou por outro meio, em blocos ou placas de forma quadrada ou retangular",1749534,3774734,comexstat,2026-10-08
25151220,2025,11,"Travertinos, simplesmente cortados a serra ou por outro meio, em blocos ou placas de forma quadrada ou retangular",1700795,3900229,comexstat,2026-10-08
25151220,2025,12,"Travertinos, simplesmente cortados a serra ou por outro meio, em blocos ou placas de forma quadrada ou retangular",1627414,3828901,comexstat,2026-10-08
25151220,2025,06,"Travertinos, simplesmente cortados a serra ou por outro meio, em blocos ou placas de forma quadrada ou retangular",1503662,3665179,comexstat,2026-10-08
25151220,2025,08,"Travertinos, simplesmente cortados a serra ou por outro meio, em blocos ou placas de forma quadrada ou retangular",1480181,3462082,comexstat,2026-10-08
68029100,2025,07,"Mármore, travertino e alabastro, trabalhado de outro modo, e obras",1368712,2090362,comexstat,2026-10-08
25151220,2025,05,"Travertinos, simplesmente cortados a serra ou por outro meio, em blocos ou placas de forma quadrada ou retangular",1273453,2631858,comexstat,2026-10-08
68029100,2025,01,"Mármore, travertino e alabastro, trabalhado de outro modo, e obras",1271021,2017776,comexstat,2026-10-08
68029100,2025,09,"Mármore, travertino e alabastro, trabalhado de outro modo, e obras",1221283,2267475,comexstat,2026-10-08
25151220,2025,04,"Travertinos, simplesmente cortados a serra ou por outro meio, em blocos ou placas de forma quadrada ou retangular",1160590,2290839,comexstat,2026-10-08
25151220,2025,02,"Travertinos, simplesmente cortados a serra ou por outro meio, em blocos ou placas de forma quadrada ou retangular",1110030,2877214,comexstat,2026-10-08
68029100,2025,11,"Mármore, travertino e alabastro, trabalhado de outro modo, e obras",1052814,1981167,comexstat,2026-10-08
68029100,2025,02,"Mármore, travertino e alabastro, trabalhado de outro modo, e obras",1002869,1815066,comexstat,2026-10-08
25151220,2025,03,"Travertinos, simplesmente cortados a serra ou por outro meio, em blocos ou placas de forma quadrada ou retangular",975383,1884811,comexstat,2026-10-08
68022100,2025,07,"Mármore, travertino e alabastro, simplesmente talhados ou serrados, de superfície plana ou lisa",957801,1979625,comexstat,2026-10-08
68022100,2025,08,"Mármore, travertino e alabastro, simplesmente talhados ou serrados, de superfície plana ou lisa",927171,539051,comexstat,2026-10-08
68029100,2025,08,"Mármore, travertino e alabastro, trabalhado de outro modo, e obras",908590,1525340,comexstat,2026-10-08
68029100,2025,05,"Mármore, travertino e alabastro, trabalhado de outro modo, e obras",839970,1534137,comexstat,2026-10-08
68029100,2025,12,"Mármore, travertino e alabastro, trabalhado de outro modo, e obras",802943,1312716,comexstat,2026-10-08
68029100,2025,10,"Mármore, travertino e alabastro, trabalhado de outro modo, e obras",783303,1512553,comexstat,2026-10-08
68029100,2025,03,"Mármore, travertino e alabastro, trabalhado de outro modo, e obras",764182,1082655,comexstat,2026-10-08
68029100,2025,06,"Mármore, travertino e alabastro, trabalhado de outro modo, e obras",703272,1195748,comexstat,2026-10-08
68029100,2025,04,"Mármore, travertino e alabastro, trabalhado de outro modo, e obras",671884,1342616,comexstat,2026-10-08
68022100,2025,09,"Mármore, travertino e alabastro, simplesmente talhados ou serrados, de superfície plana ou lisa",603407,1134825,comexstat,2026-10-08
68022100,2025,06,"Mármore, travertino e alabastro, simplesmente talhados ou serrados, de superfície plana ou lisa",597654,1450219,comexstat,2026-10-08
68022100,2025,10,"Mármore, travertino e alabastro, simplesmente talhados ou serrados, de superfície plana ou lisa",571686,1228042,comexstat,2026-10-08
68021000,2025,08,"Ladrilhos, cubos, pastilhas e artigos semelhantes, mesmo de forma diferente da quadrada ou retangular, cuja maior superfície possa ser inscrita num quadrado de lado inferior a 7 cm; grânulos, fragmentos e pós, corados artificialmente",513294,6400,comexstat,2026-10-08
68022100,2025,01,"Mármore, travertino e alabastro, simplesmente talhados ou serrados, de superfície plana ou lisa",501926,1199501,comexstat,2026-10-08
68022100,2025,11,"Mármore, travertino e alabastro, simplesmente talhados ou serrados, de superfície plana ou lisa",477935,1022752,comexstat,2026-10-08
68022100,2025,04,"Mármore, travertino e alabastro, simplesmente talhados ou serrados, de superfície plana ou lisa",465272,1278575,comexstat,2026-10-08
25151210,2025,08,"Mármores, simplesmente cortados a serra ou por outro meio, em blocos ou placas de forma quadrada ou retangular",422741,536842,comexstat,2026-10-08
68022100,2025,12,"Mármore, travertino e alabastro, simplesmente talhados ou serrados, de superfície plana ou lisa",410163,1040954,comexstat,2026-10-08
68022100,2025,02,"Mármore, travertino e alabastro, simplesmente talhados ou serrados, de superfície plana ou lisa",378447,1022239,comexstat,2026-10-08
25151210,2025,06,"Mármores, simplesmente cortados a serra ou por outro meio, em blocos ou placas de forma quadrada ou retangular",342180,497391,comexstat,2026-10-08
68022900,2025,09,"Outras pedras de cantaria, simplesmente talhadas ou serradas, de superfície plana ou lisa",314817,554000,comexstat,2026-10-08
68022100,2025,05,"Mármore, travertino e alabastro, simplesmente talhados ou serrados, de superfície plana ou lisa",290549,891741,comexstat,2026-10-08
68022100,2025,03,"Mármore, travertino e alabastro, simplesmente talhados ou serrados, de superfície plana ou lisa",274921,525477,comexstat,2026-10-08
68022900,2025,12,"Outras pedras de cantaria, simplesmente talhadas ou serradas, de superfície plana ou lisa",264640,527633,comexstat,2026-10-08
25151210,2025,04,"Mármores, simplesmente cortados a serra ou por outro meio, em blocos ou placas de forma quadrada ou retangular",236631,314710,comexstat,2026-10-08
68022900,2025,10,"Outras pedras de cantaria, simplesmente talhadas ou serradas, de superfície plana ou lisa",233065,420449,comexstat,2026-10-08
68022900,2025,07,"Outras pedras de cantaria, simplesmente talhadas ou serradas, de superfície plana ou lisa",222348,488178,comexstat,2026-10-08
68022900,2025,01,"Outras pedras de cantaria, simplesmente talhadas ou serradas, de superfície plana ou lisa",210698,464744,comexstat,2026-10-08
68022900,2025,02,"Outras pedras de cantaria, simplesmente talhadas ou serradas, de superfície plana ou lisa",207217,385033,comexstat,2026-10-08
25151210,2025,07,"Mármores, simplesmente cortados a serra ou por outro meio, em blocos ou placas de forma quadrada ou retangular",204790,405038,comexstat,2026-10-08
68022900,2025,04,"Outras pedras de cantaria, simplesmente talhadas ou serradas, de superfície plana ou lisa",176632,354090,comexstat,2026-10-08
25151210,2025,05,"Mármores, simplesmente cortados a serra ou por outro meio, em blocos ou placas de forma quadrada ou retangular",170286,362076,comexstat,2026-10-08
68022900,2025,05,"Outras pedras de cantaria, simplesmente talhadas ou serradas, de superfície plana ou lisa",151498,302472,comexstat,2026-10-08
68022900,2025,11,"Outras pedras de cantaria, simplesmente talhadas ou serradas, de superfície plana ou lisa",132789,272224,comexstat,2026-10-08
68022900,2025,08,"Outras pedras de cantaria, simplesmente talhadas ou serradas, de superfície plana ou lisa",121798,212207,comexstat,2026-10-08
68022900,2025,03,"Outras pedras de cantaria, simplesmente talhadas ou serradas, de superfície plana ou lisa",114642,204062,comexstat,2026-10-08
68022900,2025,06,"Outras pedras de cantaria, simplesmente talhadas ou serradas, de superfície plana ou lisa",111937,265199,comexstat,2026-10-08
25151210,2025,10,"Mármores, simplesmente cortados a serra ou por outro meio, em blocos ou placas de forma quadrada ou retangular",109001,225476,comexstat,2026-10-08
68029990,2025,02,"Outras pedras de cantaria, etc, trabalhadas de outro modo e obra",92576,81629,comexstat,2026-10-08
68021000,2025,04,"Ladrilhos, cubos, pastilhas e artigos semelhantes, mesmo de forma diferente da quadrada ou retangular, cuja maior superfície possa ser inscrita num quadrado de lado inferior a 7 cm; grânulos, fragmentos e pós, corados artificialmente",91693,106019,comexstat,2026-10-08
25151210,2025,09,"Mármores, simplesmente cortados a serra ou por outro meio, em blocos ou placas de forma quadrada ou retangular",85486,244107,comexstat,2026-10-08
68021000,2025,06,"Ladrilhos, cubos, pastilhas e artigos semelhantes, mesmo de forma diferente da quadrada ou retangular, cuja maior superfície possa ser inscrita num quadrado de lado inferior a 7 cm; grânulos, fragmentos e pós, corados artificialmente",81067,82014,comexstat,2026-10-08
68029200,2025,06,"Outras pedras calcárias, trabalhadas de outro modo e obras",80846,212288,comexstat,2026-10-08
68029990,2025,01,"Outras pedras de cantaria, etc, trabalhadas de outro modo e obra",77654,86450,comexstat,2026-10-08
25169000,2025,10,Outras pedras de cantaria ou de construção,77362,70300,comexstat,2026-10-08
25169000,2025,11,Outras pedras de cantaria ou de construção,73587,62753,comexstat,2026-10-08
68029990,2025,07,"Outras pedras de cantaria, etc, trabalhadas de outro modo e obra",73230,134065,comexstat,2026-10-08
68021000,2025,11,"Ladrilhos, cubos, pastilhas e artigos semelhantes, mesmo de forma diferente da quadrada ou retangular, cuja maior superfície possa ser inscrita num quadrado de lado inferior a 7 cm; grânulos, fragmentos e pós, corados artificialmente",70263,71931,comexstat,2026-10-08
25151210,2025,01,"Mármores, simplesmente cortados a serra ou por outro meio, em blocos ou placas de forma quadrada ou retangular",66293,61062,comexstat,2026-10-08
68029200,2025,09,"Outras pedras calcárias, trabalhadas de outro modo e obras",65818,140691,comexstat,2026-10-08
68029200,2025,12,"Outras pedras calcárias, trabalhadas de outro modo e obras",65639,247726,comexstat,2026-10-08
68030000,2025,04,Ardósia natural trabalhada e obras de ardósia natural ou aglomerada,64891,65219,comexstat,2026-10-08
68021000,2025,10,"Ladrilhos, cubos, pastilhas e artigos semelhantes, mesmo de forma diferente da quadrada ou retangular, cuja maior superfície possa ser inscrita num quadrado de lado inferior a 7 cm; grânulos, fragmentos e pós, corados artificialmente",62968,90095,comexstat,2026-10-08
68029990,2025,03,"Outras pedras de cantaria, etc, trabalhadas de outro modo e obra",62490,51574,comexstat,2026-10-08
68029200,2025,03,"Outras pedras calcárias, trabalhadas de outro modo e obras",60865,100085,comexstat,2026-10-08
68029200,2025,02,"Outras pedras calcárias, trabalhadas de outro modo e obras",58500,236264,comexstat,2026-10-08
25161200,2025,02,"Granito, simplesmente cortado a serra ou por outro meio, em blocos ou placas de forma quadrada ou retangular",57570,358160,comexstat,2026-10-08
68029990,2025,10,"Outras pedras de cantaria, etc, trabalhadas de outro modo e obra",57001,66179,comexstat,2026-10-08
25140000,2025,04,"Ardósia, mesmo desbastada ou simplesmente cortada a serra ou por outro meio, em blocos ou placas de forma quadrada ou retangular",54691,104200,comexstat,2026-10-08
68021000,2025,09,"Ladrilhos, cubos, pastilhas e artigos semelhantes, mesmo de forma diferente da quadrada ou retangular, cuja maior superfície possa ser inscrita num quadrado de lado inferior a 7 cm; grânulos, fragmentos e pós, corados artificialmente",53977,79128,comexstat,2026-10-08
68021000,2025,01,"Ladrilhos, cubos, pastilhas e artigos semelhantes, mesmo de forma diferente da quadrada ou retangular, cuja maior superfície possa ser inscrita num quadrado de lado inferior a 7 cm; grânulos, fragmentos e pós, corados artificialmente",53423,50382,comexstat,2026-10-08
25151100,2025,08,"Mármores e travertinos, em bruto ou desbastados",52231,151418,comexstat,2026-10-08
68021000,2025,05,"Ladrilhos, cubos, pastilhas e artigos semelhantes, mesmo de forma diferente da quadrada ou retangular, cuja maior superfície possa ser inscrita num quadrado de lado inferior a 7 cm; grânulos, fragmentos e pós, corados artificialmente",50171,55035,comexstat,2026-10-08
25151100,2025,01,"Mármores e travertinos, em bruto ou desbastados",48296,148021,comexstat,2026-10-08
25151100,2025,05,"Mármores e travertinos, em bruto ou desbastados",47721,149670,comexstat,2026-10-08
25151210,2025,03,"Mármores, simplesmente cortados a serra ou por outro meio, em blocos ou placas de forma quadrada ou retangular",47440,169195,comexstat,2026-10-08
25169000,2025,04,Outras pedras de cantaria ou de construção,47050,50523,comexstat,2026-10-08
68029200,2025,01,"Outras pedras calcárias, trabalhadas de outro modo e obras",46635,130668,comexstat,2026-10-08
68029200,2025,08,"Outras pedras calcárias, trabalhadas de outro modo e obras",45935,117698,comexstat,2026-10-08
25169000,2025,12,Outras pedras de cantaria ou de construção,45555,65200,comexstat,2026-10-08
68029990,2025,11,"Outras pedras de cantaria, etc, trabalhadas de outro modo e obra",44473,57596,comexstat,2026-10-08
68029200,2025,10,"Outras pedras calcárias, trabalhadas de outro modo e obras",44056,74273,comexstat,2026-10-08
25140000,2025,11,"Ardósia, mesmo desbastada ou simplesmente cortada a serra ou por outro meio, em blocos ou placas de forma quadrada ou retangular",43161,37000,comexstat,2026-10-08
25169000,2025,06,Outras pedras de cantaria ou de construção,42929,57330,comexstat,2026-10-08
68029990,2025,08,"Outras pedras de cantaria, etc, trabalhadas de outro modo e obra",40428,98650,comexstat,2026-10-08
68021000,2025,03,"Ladrilhos, cubos, pastilhas e artigos semelhantes, mesmo de forma diferente da quadrada ou retangular, cuja maior superfície possa ser inscrita num quadrado de lado inferior a 7 cm; grânulos, fragmentos e pós, corados artificialmente",40250,38671,comexstat,2026-10-08
25152000,2025,11,Granitos belgas e outras pedras calcárias de cantaria ou de construção; alabastro,39765,170888,comexstat,2026-10-08
25169000,2025,05,Outras pedras de cantaria ou de construção,38656,48605,comexstat,2026-10-08
25169000,2025,03,Outras pedras de cantaria ou de construção,38174,41318,comexstat,2026-10-08
25151100,2025,12,"Mármores e travertinos, em bruto ou desbastados",37372,91512,comexstat,2026-10-08
68021000,2025,02,"Ladrilhos, cubos, pastilhas e artigos semelhantes, mesmo de forma diferente da quadrada ou retangular, cuja maior superfície possa ser inscrita num quadrado de lado inferior a 7 cm; grânulos, fragmentos e pós, corados artificialmente",37303,31118,comexstat,2026-10-08
25152000,2025,08,Granitos belgas e outras pedras calcárias de cantaria ou de construção; alabastro,35908,68656,comexstat,2026-10-08
25169000,2025,09,Outras pedras de cantaria ou de construção,35090,31122,comexstat,2026-10-08
68029910,2025,09,"Esferas para moinho, de outras pedras de cantaria, etc.",33556,19500,comexstat,2026-10-08
68029990,2025,09,"Outras pedras de cantaria, etc, trabalhadas de outro modo e obra",33109,42699,comexstat,2026-10-08
25152000,2025,07,Granitos belgas e outras pedras calcárias de cantaria ou de construção; alabastro,33103,128330,comexstat,2026-10-08
25151100,2025,02,"Mármores e travertinos, em bruto ou desbastados",32778,99340,comexstat,2026-10-08
25162000,2025,07,"Arenito, cortado em blocos, placas, quadrado, retangular",32294,45832,comexstat,2026-10-08
25169000,2025,02,Outras pedras de cantaria ou de construção,31254,42827,comexstat,2026-10-08
25151210,2025,11,"Mármores, simplesmente cortados a serra ou por outro meio, em blocos ou placas de forma quadrada ou retangular",31058,112237,comexstat,2026-10-08
68030000,2025,01,Ardósia natural trabalhada e obras de ardósia natural ou aglomerada,25021,20686,comexstat,2026-10-08
68030000,2025,09,Ardósia natural trabalhada e obras de ardósia natural ou aglomerada,24282,50866,comexstat,2026-10-08
25151100,2025,10,"Mármores e travertinos, em bruto ou desbastados",24118,76120,comexstat,2026-10-08
68029390,2025,10,Outros granitos trabalhados de outro modo e suas obras,23925,25731,comexstat,2026-10-08
68029390,2025,02,Outros granitos trabalhados de outro modo e suas obras,22409,2154,comexstat,2026-10-08
25169000,2025,07,Outras pedras de cantaria ou de construção,22268,58941,comexstat,2026-10-08
25152000,2025,10,Granitos belgas e outras pedras calcárias de cantaria ou de construção; alabastro,21269,71740,comexstat,2026-10-08
25162000,2025,11,"Arenito, cortado em blocos, placas, quadrado, retangular",20556,18100,comexstat,2026-10-08
25151100,2025,06,"Mármores e travertinos, em bruto ou desbastados",20354,40215,comexstat,2026-10-08
68030000,2025,07,Ardósia natural trabalhada e obras de ardósia natural ou aglomerada,19533,52687,comexstat,2026-10-08
68021000,2025,07,"Ladrilhos, cubos, pastilhas e artigos semelhantes, mesmo de forma diferente da quadrada ou retangular, cuja maior superfície possa ser inscrita num quadrado de lado inferior a 7 cm; grânulos, fragmentos e pós, corados artificialmente",19128,23144,comexstat,2026-10-08
68029200,2025,11,"Outras pedras calcárias, trabalhadas de outro modo e obras",18755,80320,comexstat,2026-10-08
25152000,2025,03,Granitos belgas e outras pedras calcárias de cantaria ou de construção; alabastro,18045,52138,comexstat,2026-10-08
68029390,2025,11,Outros granitos trabalhados de outro modo e suas obras,17625,75060,comexstat,2026-10-08
68030000,2025,02,Ardósia natural trabalhada e obras de ardósia natural ou aglomerada,17049,28115,comexstat,2026-10-08
68029200,2025,04,"Outras pedras calcárias, trabalhadas de outro modo e obras",16786,37132,comexstat,2026-10-08
68010000,2025,02,"Pedras para calcetar, meios-fios e placas (lajes) para pavimentação, de pedra natural (exceto a ardósia)",16409,26700,comexstat,2026-10-08
25151100,2025,11,"Mármores e travertinos, em bruto ou desbastados",14645,78450,comexstat,2026-10-08
68029990,2025,12,"Outras pedras de cantaria, etc, trabalhadas de outro modo e obra",13607,18186,comexstat,2026-10-08
25152000,2025,01,Granitos belgas e outras pedras calcárias de cantaria ou de construção; alabastro,13560,25710,comexstat,2026-10-08
25162000,2025,02,"Arenito, cortado em blocos, placas, quadrado, retangular",13550,80,comexstat,2026-10-08
25140000,2025,09,"Ardósia, mesmo desbastada ou simplesmente cortada a serra ou por outro meio, em blocos ou placas de forma quadrada ou retangular",12990,54000,comexstat,2026-10-08
68029990,2025,04,"Outras pedras de cantaria, etc, trabalhadas de outro modo e obra",12138,14021,comexstat,2026-10-08
68021000,2025,12,"Ladrilhos, cubos, pastilhas e artigos semelhantes, mesmo de forma diferente da quadrada ou retangular, cuja maior superfície possa ser inscrita num quadrado de lado inferior a 7 cm; grânulos, fragmentos e pós, corados artificialmente",11831,7425,comexstat,2026-10-08
68029200,2025,07,"Outras pedras calcárias, trabalhadas de outro modo e obras",10772,35696,comexstat,2026-10-08
25151100,2025,04,"Mármores e travertinos, em bruto ou desbastados",10623,25200,comexstat,2026-10-08
25151100,2025,09,"Mármores e travertinos, em bruto ou desbastados",10599,79510,comexstat,2026-10-08
25152000,2025,09,Granitos belgas e outras pedras calcárias de cantaria ou de construção; alabastro,9900,17052,comexstat,2026-10-08
68029990,2025,06,"Outras pedras de cantaria, etc, trabalhadas de outro modo e obra",9392,9887,comexstat,2026-10-08
25140000,2025,10,"Ardósia, mesmo desbastada ou simplesmente cortada a serra ou por outro meio, em blocos ou placas de forma quadrada ou retangular",8732,42000,comexstat,2026-10-08
68029390,2025,12,Outros granitos trabalhados de outro modo e suas obras,8419,152,comexstat,2026-10-08
68030000,2025,10,Ardósia natural trabalhada e obras de ardósia natural ou aglomerada,7863,2537,comexstat,2026-10-08
68029990,2025,05,"Outras pedras de cantaria, etc, trabalhadas de outro modo e obra",7634,5396,comexstat,2026-10-08
68030000,2025,11,Ardósia natural trabalhada e obras de ardósia natural ou aglomerada,7416,15031,comexstat,2026-10-08
68029910,2025,01,"Esferas para moinho, de outras pedras de cantaria, etc.",7090,16,comexstat,2026-10-08
25151210,2025,12,"Mármores, simplesmente cortados a serra ou por outro meio, em blocos ou placas de forma quadrada ou retangular",7034,27032,comexstat,2026-10-08
68022300,2025,09,"Granito, simplesmente talhados ou serrados, de superfície plana ou lisa",6917,12296,comexstat,2026-10-08
68010000,2025,10,"Pedras para calcetar, meios-fios e placas (lajes) para pavimentação, de pedra natural (exceto a ardósia)",6908,11695,comexstat,2026-10-08
68022300,2025,12,"Granito, simplesmente talhados ou serrados, de superfície plana ou lisa",6391,550,comexstat,2026-10-08
68029390,2025,01,Outros granitos trabalhados de outro modo e suas obras,5863,6516,comexstat,2026-10-08
68030000,2025,08,Ardósia natural trabalhada e obras de ardósia natural ou aglomerada,4902,3788,comexstat,2026-10-08
25140000,2025,02,"Ardósia, mesmo desbastada ou simplesmente cortada a serra ou por outro meio, em blocos ou placas de forma quadrada ou retangular",4864,27000,comexstat,2026-10-08
25162000,2025,09,"Arenito, cortado em blocos, placas, quadrado, retangular",4800,24,comexstat,2026-10-08
68022300,2025,11,"Granito, simplesmente talhados ou serrados, de superfície plana ou lisa",4534,97,comexstat,2026-10-08
25140000,2025,12,"Ardósia, mesmo desbastada ou simplesmente cortada a serra ou por outro meio, em blocos ou placas de forma quadrada ou retangular",4479,21000,comexstat,2026-10-08
25140000,2025,07,"Ardósia, mesmo desbastada ou simplesmente cortada a serra ou por outro meio, em blocos ou placas de forma quadrada ou retangular",4322,21000,comexstat,2026-10-08
25140000,2025,08,"Ardósia, mesmo desbastada ou simplesmente cortada a serra ou por outro meio, em blocos ou placas de forma quadrada ou retangular",4281,21000,comexstat,2026-10-08
25140000,2025,06,"Ardósia, mesmo desbastada ou simplesmente cortada a serra ou por outro meio, em blocos ou placas de forma quadrada ou retangular",4212,21000,comexstat,2026-10-08
25169000,2025,01,Outras pedras de cantaria ou de construção,4081,18710,comexstat,2026-10-08
68030000,2025,03,Ardósia natural trabalhada e obras de ardósia natural ou aglomerada,3948,1061,comexstat,2026-10-08
68022300,2025,06,"Granito, simplesmente talhados ou serrados, de superfície plana ou lisa",3736,4664,comexstat,2026-10-08
68029390,2025,05,Outros granitos trabalhados de outro modo e suas obras,3533,1837,comexstat,2026-10-08
68030000,2025,06,Ardósia natural trabalhada e obras de ardósia natural ou aglomerada,3488,2795,comexstat,2026-10-08
68022300,2025,10,"Granito, simplesmente talhados ou serrados, de superfície plana ou lisa",3333,113,comexstat,2026-10-08
25162000,2025,01,"Arenito, cortado em blocos, placas, quadrado, retangular",3200,12,comexstat,2026-10-08
25161200,2025,09,"Granito, simplesmente cortado a serra ou por outro meio, em blocos ou placas de forma quadrada ou retangular",3129,61,comexstat,2026-10-08
25152000,2025,05,Granitos belgas e outras pedras calcárias de cantaria ou de construção; alabastro,2673,27260,comexstat,2026-10-08
68029910,2025,11,"Esferas para moinho, de outras pedras de cantaria, etc.",2538,4,comexstat,2026-10-08
25162000,2025,03,"Arenito, cortado em blocos, placas, quadrado, retangular",2458,5647,comexstat,2026-10-08
25151210,2025,02,"Mármores, simplesmente cortados a serra ou por outro meio, em blocos ou placas de forma quadrada ou retangular",2396,2800,comexstat,2026-10-08
25162000,2025,10,"Arenito, cortado em blocos, placas, quadrado, retangular",2125,48,comexstat,2026-10-08
68030000,2025,05,Ardósia natural trabalhada e obras de ardósia natural ou aglomerada,1878,1585,comexstat,2026-10-08
68030000,2025,12,Ardósia natural trabalhada e obras de ardósia natural ou aglomerada,1816,587,comexstat,2026-10-08
68022300,2025,04,"Granito, simplesmente talhados ou serrados, de superfície plana ou lisa",1535,16,comexstat,2026-10-08
68029910,2025,02,"Esferas para moinho, de outras pedras de cantaria, etc.",1230,1,comexstat,2026-10-08
68029910,2025,12,"Esferas para moinho, de outras pedras de cantaria, etc.",954,3,comexstat,2026-10-08
68029390,2025,04,Outros granitos trabalhados de outro modo e suas obras,900,1060,comexstat,2026-10-08
25162000,2025,04,"Arenito, cortado em blocos, placas, quadrado, retangular",640,5,comexstat,2026-10-08
68022300,2025,05,"Granito, simplesmente talhados ou serrados, de superfície plana ou lisa",528,100,comexstat,2026-10-08
68022300,2025,07,"Granito, simplesmente talhados ou serrados, de superfície plana ou lisa",441,665,comexstat,2026-10-08
68022300,2025,02,"Granito, simplesmente talhados ou serrados, de superfície plana ou lisa",439,817,comexstat,2026-10-08
25161100,2025,06,Granito em bruto ou desbastado,418,929,comexstat,2026-10-08
68029390,2025,03,Outros granitos trabalhados de outro modo e suas obras,39,2,comexstat,2026-10-08
25151220,2026,01,"Travertinos, simplesmente cortados a serra ou por outro meio, em blocos ou placas de forma quadrada ou retangular",2148004,7880776,comexstat,2026-10-08
25151220,2026,06,"Travertinos, simplesmente cortados a serra ou por outro meio, em blocos ou placas de forma quadrada ou retangular",1496738,2888517,comexstat,2026-10-08
25151220,2026,08,"Travertinos, simplesmente cortados a serra ou por outro meio, em blocos ou placas de forma quadrada ou retangular",1343424,4460096,comexstat,2026-10-08
25151220,2026,05,"Travertinos, simplesmente cortados a serra ou por outro meio, em blocos ou placas de forma quadrada ou retangular",1312929,3788004,comexstat,2026-10-08
25151220,2026,03,"Travertinos, simplesmente cortados a serra ou por outro meio, em blocos ou placas de forma quadrada ou retangular",1245133,2879593,comexstat,2026-10-08
25151220,2026,09,"Travertinos, simplesmente cortados a serra ou por outro meio, em blocos ou placas de forma quadrada ou retangular",1200685,2308863,comexstat,2026-10-08
25151220,2026,07,"Travertinos, simplesmente cortados a serra ou por outro meio, em blocos ou placas de forma quadrada ou retangular",1133810,2837406,comexstat,2026-10-08
25151220,2026,02,"Travertinos, simplesmente cortados a serra ou por outro meio, em blocos ou placas de forma quadrada ou retangular",1090610,3910893,comexstat,2026-10-08
25151220,2026,04,"Travertinos, simplesmente cortados a serra ou por outro meio, em blocos ou placas de forma quadrada ou retangular",1079452,2743484,comexstat,2026-10-08
68029100,2026,08,"Mármore, travertino e alabastro, trabalhado de outro modo, e obras",1057858,1695034,comexstat,2026-10-08
68029100,2026,06,"Mármore, travertino e alabastro, trabalhado de outro modo, e obras",1025296,1765493,comexstat,2026-10-08
68029100,2026,04,"Mármore, travertino e alabastro, trabalhado de outro modo, e obras",997972,1663789,comexstat,2026-10-08
68029100,2026,07,"Mármore, travertino e alabastro, trabalhado de outro modo, e obras",966070,1560308,comexstat,2026-10-08
68029100,2026,01,"Mármore, travertino e alabastro, trabalhado de outro modo, e obras",918404,1461591,comexstat,2026-10-08
68029100,2026,02,"Mármore, travertino e alabastro, trabalhado de outro modo, e obras",823123,1634791,comexstat,2026-10-08
68029100,2026,05,"Mármore, travertino e alabastro, trabalhado de outro modo, e obras",812539,1224169,comexstat,2026-10-08
68029100,2026,03,"Mármore, travertino e alabastro, trabalhado de outro modo, e obras",697147,1251501,comexstat,2026-10-08
68029100,2026,09,"Mármore, travertino e alabastro, trabalhado de outro modo, e obras",632393,982140,comexstat,2026-10-08
68022100,2026,01,"Mármore, travertino e alabastro, simplesmente talhados ou serrados, de superfície plana ou lisa",567102,1133688,comexstat,2026-10-08
68022100,2026,06,"Mármore, travertino e alabastro, simplesmente talhados ou serrados, de superfície plana ou lisa",537807,1038884,comexstat,2026-10-08
68022100,2026,03,"Mármore, travertino e alabastro, simplesmente talhados ou serrados, de superfície plana ou lisa",462461,1144537,comexstat,2026-10-08
68022100,2026,09,"Mármore, travertino e alabastro, simplesmente talhados ou serrados, de superfície plana ou lisa",424575,985376,comexstat,2026-10-08
68022100,2026,08,"Mármore, travertino e alabastro, simplesmente talhados ou serrados, de superfície plana ou lisa",391852,958100,comexstat,2026-10-08
68022100,2026,04,"Mármore, travertino e alabastro, simplesmente talhados ou serrados, de superfície plana ou lisa",375974,933825,comexstat,2026-10-08
68022100,2026,02,"Mármore, travertino e alabastro, simplesmente talhados ou serrados, de superfície plana ou lisa",316587,813403,comexstat,2026-10-08
68022100,2026,07,"Mármore, travertino e alabastro, simplesmente talhados ou serrados, de superfície plana ou lisa",284669,641182,comexstat,2026-10-08
68022100,2026,05,"Mármore, travertino e alabastro, simplesmente talhados ou serrados, de superfície plana ou lisa",234190,549275,comexstat,2026-10-08
68022900,2026,03,"Outras pedras de cantaria, simplesmente talhadas ou serradas, de superfície plana ou lisa",194960,313238,comexstat,2026-10-08
68022900,2026,04,"Outras pedras de cantaria, simplesmente talhadas ou serradas, de superfície plana ou lisa",192551,419556,comexstat,2026-10-08
25161200,2026,05,"Granito, simplesmente cortado a serra ou por outro meio, em blocos ou placas de forma quadrada ou retangular",187920,20880,comexstat,2026-10-08
68022900,2026,01,"Outras pedras de cantaria, simplesmente talhadas ou serradas, de superfície plana ou lisa",187792,367474,comexstat,2026-10-08
68022900,2026,07,"Outras pedras de cantaria, simplesmente talhadas ou serradas, de superfície plana ou lisa",175985,334438,comexstat,2026-10-08
68029200,2026,05,"Outras pedras calcárias, trabalhadas de outro modo e obras",147518,268902,comexstat,2026-10-08
25151210,2026,06,"Mármores, simplesmente cortados a serra ou por outro meio, em blocos ou placas de forma quadrada ou retangular",143703,399709,comexstat,2026-10-08
68022900,2026,05,"Outras pedras de cantaria, simplesmente talhadas ou serradas, de superfície plana ou lisa",138828,243415,comexstat,2026-10-08
68022900,2026,09,"Outras pedras de cantaria, simplesmente talhadas ou serradas, de superfície plana ou lisa",135911,306361,comexstat,2026-10-08
68029990,2026,05,"Outras pedras de cantaria, etc, trabalhadas de outro modo e obra",123096,55163,comexstat,2026-10-08
68021000,2026,02,"Ladrilhos, cubos, pastilhas e artigos semelhantes, mesmo de forma diferente da quadrada ou retangular, cuja maior superfície possa ser inscrita num quadrado de lado inferior a 7 cm; grânulos, fragmentos e pós, corados artificialmente",122277,82873,comexstat,2026-10-08
68029990,2026,04,"Outras pedras de cantaria, etc, trabalhadas de outro modo e obra",120926,95651,comexstat,2026-10-08
68022900,2026,02,"Outras pedras de cantaria, simplesmente talhadas ou serradas, de superfície plana ou lisa",117219,178949,comexstat,2026-10-08
68022900,2026,06,"Outras pedras de cantaria, simplesmente talhadas ou serradas, de superfície plana ou lisa",116749,194179,comexstat,2026-10-08
68022900,2026,08,"Outras pedras de cantaria, simplesmente talhadas ou serradas, de superfície plana ou lisa",110508,197371,comexstat,2026-10-08
68029990,2026,09,"Outras pedras de cantaria, etc, trabalhadas de outro modo e obra",89054,108169,comexstat,2026-10-08
68029990,2026,01,"Outras pedras de cantaria, etc, trabalhadas de outro modo e obra",78055,14428,comexstat,2026-10-08
68029200,2026,06,"Outras pedras calcárias, trabalhadas de outro modo e obras",74394,139157,comexstat,2026-10-08
68029200,2026,03,"Outras pedras calcárias, trabalhadas de outro modo e obras",73503,128027,comexstat,2026-10-08
68022300,2026,01,"Granito, simplesmente talhados ou serrados, de superfície plana ou lisa",72674,18535,comexstat,2026-10-08
68021000,2026,03,"Ladrilhos, cubos, pastilhas e artigos semelhantes, mesmo de forma diferente da quadrada ou retangular, cuja maior superfície possa ser inscrita num quadrado de lado inferior a 7 cm; grânulos, fragmentos e pós, corados artificialmente",72305,79557,comexstat,2026-10-08
68029990,2026,02,"Outras pedras de cantaria, etc, trabalhadas de outro modo e obra",70208,65519,comexstat,2026-10-08
68029200,2026,09,"Outras pedras calcárias, trabalhadas de outro modo e obras",66871,82369,comexstat,2026-10-08
68029200,2026,08,"Outras pedras calcárias, trabalhadas de outro modo e obras",63323,140443,comexstat,2026-10-08
68029200,2026,04,"Outras pedras calcárias, trabalhadas de outro modo e obras",62332,149156,comexstat,2026-10-08
68029990,2026,06,"Outras pedras de cantaria, etc, trabalhadas de outro modo e obra",58252,77501,comexstat,2026-10-08
25151210,2026,05,"Mármores, simplesmente cortados a serra ou por outro meio, em blocos ou placas de forma quadrada ou retangular",56974,143440,comexstat,2026-10-08
68029200,2026,01,"Outras pedras calcárias, trabalhadas de outro modo e obras",55703,85963,comexstat,2026-10-08
25162000,2026,03,"Arenito, cortado em blocos, placas, quadrado, retangular",50487,26677,comexstat,2026-10-08
68021000,2026,04,"Ladrilhos, cubos, pastilhas e artigos semelhantes, mesmo de forma diferente da quadrada ou retangular, cuja maior superfície possa ser inscrita num quadrado de lado inferior a 7 cm; grânulos, fragmentos e pós, corados artificialmente",49259,63856,comexstat,2026-10-08
25169000,2026,07,Outras pedras de cantaria ou de construção,48869,59362,comexstat,2026-10-08
25152000,2026,01,Granitos belgas e outras pedras calcárias de cantaria ou de construção; alabastro,45247,145520,comexstat,2026-10-08
25140000,2026,05,"Ardósia, mesmo desbastada ou simplesmente cortada a serra ou por outro meio, em blocos ou placas de forma quadrada ou retangular",41933,53800,comexstat,2026-10-08
25151210,2026,07,"Mármores, simplesmente cortados a serra ou por outro meio, em blocos ou placas de forma quadrada ou retangular",41438,131740,comexstat,2026-10-08
25151210,2026,09,"Mármores, simplesmente cortados a serra ou por outro meio, em blocos ou placas de forma quadrada ou retangular",41190,120585,comexstat,2026-10-08
25151100,2026,06,"Mármores e travertinos, em bruto ou desbastados",41137,65503,comexstat,2026-10-08
25151210,2026,03,"Mármores, simplesmente cortados a serra ou por outro meio, em blocos ou placas de forma quadrada ou retangular",36927,120366,comexstat,2026-10-08
68021000,2026,05,"Ladrilhos, cubos, pastilhas e artigos semelhantes, mesmo de forma diferente da quadrada ou retangular, cuja maior superfície possa ser inscrita num quadrado de lado inferior a 7 cm; grânulos, fragmentos e pós, corados artificialmente",33814,42980,comexstat,2026-10-08
25161200,2026,04,"Granito, simplesmente cortado a serra ou por outro meio, em blocos ou placas de forma quadrada ou retangular",30445,95140,comexstat,2026-10-08
68021000,2026,08,"Ladrilhos, cubos, pastilhas e artigos semelhantes, mesmo de forma diferente da quadrada ou retangular, cuja maior superfície possa ser inscrita num quadrado de lado inferior a 7 cm; grânulos, fragmentos e pós, corados artificialmente",30440,42234,comexstat,2026-10-08
25152000,2026,04,Granitos belgas e outras pedras calcárias de cantaria ou de construção; alabastro,27953,127100,comexstat,2026-10-08
68021000,2026,09,"Ladrilhos, cubos, pastilhas e artigos semelhantes, mesmo de forma diferente da quadrada ou retangular, cuja maior superfície possa ser inscrita num quadrado de lado inferior a 7 cm; grânulos, fragmentos e pós, corados artificialmente",27664,49420,comexstat,2026-10-08
25151210,2026,01,"Mármores, simplesmente cortados a serra ou por outro meio, em blocos ou placas de forma quadrada ou retangular",27310,103738,comexstat,2026-10-08
68021000,2026,07,"Ladrilhos, cubos, pastilhas e artigos semelhantes, mesmo de forma diferente da quadrada ou retangular, cuja maior superfície possa ser inscrita num quadrado de lado inferior a 7 cm; grânulos, fragmentos e pós, corados artificialmente",25928,40488,comexstat,2026-10-08
25151210,2026,04,"Mármores, simplesmente cortados a serra ou por outro meio, em blocos ou placas de forma quadrada ou retangular",25805,49106,comexstat,2026-10-08
25151100,2026,08,"Mármores e travertinos, em bruto ou desbastados",24657,65290,comexstat,2026-10-08
25152000,2026,08,Granitos belgas e outras pedras calcárias de cantaria ou de construção; alabastro,22807,33800,comexstat,2026-10-08
68029200,2026,02,"Outras pedras calcárias, trabalhadas de outro modo e obras",21855,79001,comexstat,2026-10-08
68021000,2026,06,"Ladrilhos, cubos, pastilhas e artigos semelhantes, mesmo de forma diferente da quadrada ou retangular, cuja maior superfície possa ser inscrita num quadrado de lado inferior a 7 cm; grânulos, fragmentos e pós, corados artificialmente",21378,32468,comexstat,2026-10-08
68021000,2026,01,"Ladrilhos, cubos, pastilhas e artigos semelhantes, mesmo de forma diferente da quadrada ou retangular, cuja maior superfície possa ser inscrita num quadrado de lado inferior a 7 cm; grânulos, fragmentos e pós, corados artificialmente",20128,25704,comexstat,2026-10-08
68010000,2026,03,"Pedras para calcetar, meios-fios e placas (lajes) para pavimentação, de pedra natural (exceto a ardósia)",18275,25200,comexstat,2026-10-08
68030000,2026,04,Ardósia natural trabalhada e obras de ardósia natural ou aglomerada,18181,3944,comexstat,2026-10-08
25169000,2026,08,Outras pedras de cantaria ou de construção,18041,44265,comexstat,2026-10-08
25151100,2026,03,"Mármores e travertinos, em bruto ou desbastados",17916,21430,comexstat,2026-10-08
25151210,2026,02,"Mármores, simplesmente cortados a serra ou por outro meio, em blocos ou placas de forma quadrada ou retangular",16992,53684,comexstat,2026-10-08
68010000,2026,01,"Pedras para calcetar, meios-fios e placas (lajes) para pavimentação, de pedra natural (exceto a ardósia)",16705,25800,comexstat,2026-10-08
68029990,2026,07,"Outras pedras de cantaria, etc, trabalhadas de outro modo e obra",16188,15305,comexstat,2026-10-08
68029990,2026,03,"Outras pedras de cantaria, etc, trabalhadas de outro modo e obra",16167,11745,comexstat,2026-10-08
25169000,2026,05,Outras pedras de cantaria ou de construção,15984,46770,comexstat,2026-10-08
25162000,2026,09,"Arenito, cortado em blocos, placas, quadrado, retangular",15220,23,comexstat,2026-10-08
25140000,2026,01,"Ardósia, mesmo desbastada ou simplesmente cortada a serra ou por outro meio, em blocos ou placas de forma quadrada ou retangular",15050,69000,comexstat,2026-10-08
68010000,2026,07,"Pedras para calcetar, meios-fios e placas (lajes) para pavimentação, de pedra natural (exceto a ardósia)",15019,27984,comexstat,2026-10-08
25152000,2026,05,Granitos belgas e outras pedras calcárias de cantaria ou de construção; alabastro,14919,79571,comexstat,2026-10-08
68022300,2026,08,"Granito, simplesmente talhados ou serrados, de superfície plana ou lisa",14375,956,comexstat,2026-10-08
68029200,2026,07,"Outras pedras calcárias, trabalhadas de outro modo e obras",13925,107254,comexstat,2026-10-08
68029390,2026,06,Outros granitos trabalhados de outro modo e suas obras,13175,894,comexstat,2026-10-08
25169000,2026,02,Outras pedras de cantaria ou de construção,12325,27629,comexstat,2026-10-08
68030000,2026,02,Ardósia natural trabalhada e obras de ardósia natural ou aglomerada,11234,26340,comexstat,2026-10-08
25151100,2026,07,"Mármores e travertinos, em bruto ou desbastados",11074,49220,comexstat,2026-10-08
25140000,2026,04,"Ardósia, mesmo desbastada ou simplesmente cortada a serra ou por outro meio, em blocos ou placas de forma quadrada ou retangular",10848,58800,comexstat,2026-10-08
25151100,2026,01,"Mármores e travertinos, em bruto ou desbastados",10742,13240,comexstat,2026-10-08
68029990,2026,08,"Outras pedras de cantaria, etc, trabalhadas de outro modo e obra",9677,7894,comexstat,2026-10-08
25140000,2026,02,"Ardósia, mesmo desbastada ou simplesmente cortada a serra ou por outro meio, em blocos ou placas de forma quadrada ou retangular",9567,43800,comexstat,2026-10-08
25140000,2026,08,"Ardósia, mesmo desbastada ou simplesmente cortada a serra ou por outro meio, em blocos ou placas de forma quadrada ou retangular",8881,43800,comexstat,2026-10-08
68010000,2026,06,"Pedras para calcetar, meios-fios e placas (lajes) para pavimentação, de pedra natural (exceto a ardósia)",8805,26705,comexstat,2026-10-08
68029910,2026,08,"Esferas para moinho, de outras pedras de cantaria, etc.",7912,16,comexstat,2026-10-08
25152000,2026,07,Granitos belgas e outras pedras calcárias de cantaria ou de construção; alabastro,7600,49895,comexstat,2026-10-08
25140000,2026,09,"Ardósia, mesmo desbastada ou simplesmente cortada a serra ou por outro meio, em blocos ou placas de forma quadrada ou retangular",7068,37800,comexstat,2026-10-08
25140000,2026,07,"Ardósia, mesmo desbastada ou simplesmente cortada a serra ou por outro meio, em blocos ou placas de forma quadrada ou retangular",7024,37800,comexstat,2026-10-08
68022300,2026,04,"Granito, simplesmente talhados ou serrados, de superfície plana ou lisa",6543,49,comexstat,2026-10-08
25151210,2026,08,"Mármores, simplesmente cortados a serra ou por outro meio, em blocos ou placas de forma quadrada ou retangular",6387,17540,comexstat,2026-10-08
68029910,2026,04,"Esferas para moinho, de outras pedras de cantaria, etc.",6145,52,comexstat,2026-10-08
25140000,2026,03,"Ardósia, mesmo desbastada ou simplesmente cortada a serra ou por outro meio, em blocos ou placas de forma quadrada ou retangular",6082,27000,comexstat,2026-10-08
68029390,2026,05,Outros granitos trabalhados de outro modo e suas obras,6041,2563,comexstat,2026-10-08
68022300,2026,05,"Granito, simplesmente talhados ou serrados, de superfície plana ou lisa",5818,20087,comexstat,2026-10-08
68030000,2026,09,Ardósia natural trabalhada e obras de ardósia natural ou aglomerada,5622,327,comexstat,2026-10-08
25162000,2026,02,"Arenito, cortado em blocos, placas, quadrado, retangular",5504,11480,comexstat,2026-10-08
25151100,2026,04,"Mármores e travertinos, em bruto ou desbastados",5435,53392,comexstat,2026-10-08
25140000,2026,06,"Ardósia, mesmo desbastada ou simplesmente cortada a serra ou por outro meio, em blocos ou placas de forma quadrada ou retangular",3867,21000,comexstat,2026-10-08
25169000,2026,06,Outras pedras de cantaria ou de construção,3812,8510,comexstat,2026-10-08
68030000,2026,07,Ardósia natural trabalhada e obras de ardósia natural ou aglomerada,3522,974,comexstat,2026-10-08
25162000,2026,08,"Arenito, cortado em blocos, placas, quadrado, retangular",2802,9720,comexstat,2026-10-08
68030000,2026,05,Ardósia natural trabalhada e obras de ardósia natural ou aglomerada,2601,1053,comexstat,2026-10-08
25162000,2026,04,"Arenito, cortado em blocos, placas, quadrado, retangular",2335,8000,comexstat,2026-10-08
25161200,2026,07,"Granito, simplesmente cortado a serra ou por outro meio, em blocos ou placas de forma quadrada ou retangular",2223,45,comexstat,2026-10-08
68030000,2026,08,Ardósia natural trabalhada e obras de ardósia natural ou aglomerada,1613,141,comexstat,2026-10-08
68022300,2026,09,"Granito, simplesmente talhados ou serrados, de superfície plana ou lisa",1587,971,comexstat,2026-10-08
68030000,2026,01,Ardósia natural trabalhada e obras de ardósia natural ou aglomerada,1148,1252,comexstat,2026-10-08
68029910,2026,07,"Esferas para moinho, de outras pedras de cantaria, etc.",1073,1,comexstat,2026-10-08
68029390,2026,08,Outros granitos trabalhados de outro modo e suas obras,985,310,comexstat,2026-10-08
68022300,2026,02,"Granito, simplesmente talhados ou serrados, de superfície plana ou lisa",934,1650,comexstat,2026-10-08
68030000,2026,03,Ardósia natural trabalhada e obras de ardósia natural ou aglomerada,843,273,comexstat,2026-10-08
68010000,2026,02,"Pedras para calcetar, meios-fios e placas (lajes) para pavimentação, de pedra natural (exceto a ardósia)",736,4536,comexstat,2026-10-08
25162000,2026,05,"Arenito, cortado em blocos, placas, quadrado, retangular",360,520,comexstat,2026-10-08
68030000,2026,06,Ardósia natural trabalhada e obras de ardósia natural ou aglomerada,297,41,comexstat,2026-10-08
68029390,2026,07,Outros granitos trabalhados de outro modo e suas obras,142,95,comexstat,2026-10-08
68029390,2026,04,Outros granitos trabalhados de outro modo e suas obras,52,50,comexstat,2026-10-08
25161100,2026,01,Granito em bruto ou desbastado,50,3,comexstat,2026-10-08
25169000,2026,09,Outras pedras de cantaria ou de construção,35,70,comexstat,2026-10-08
