coNcm,year,monthNumber,ncm,country,metricFOB,metricKG,fonte,coletado_em
25062000,2026,07,"Quartzitos, mesmo desbastados ou simplesmente cortados a serra ou por outro meio, em blocos ou placas de forma quadrada ou retangular",Espanha,30136,97200,comexstat,2026-10-08
25062000,2026,03,"Quartzitos, mesmo desbastados ou simplesmente cortados a serra ou por outro meio, em blocos ou placas de forma quadrada ou retangular",Espanha,24536,70800,comexstat,2026-10-08
25062000,2026,09,"Quartzitos, mesmo desbastados ou simplesmente cortados a serra ou por outro meio, em blocos ou placas de forma quadrada ou retangular",Espanha,14081,49200,comexstat,2026-10-08
25062000,2026,06,"Quartzitos, mesmo desbastados ou simplesmente cortados a serra ou por outro meio, em blocos ou placas de forma quadrada ou retangular",Espanha,13442,48000,comexstat,2026-10-08
25062000,2026,01,"Quartzitos, mesmo desbastados ou simplesmente cortados a serra ou por outro meio, em blocos ou placas de forma quadrada ou retangular",China,1055,365,comexstat,2026-10-08
25062000,2025,01,"Quartzitos, mesmo desbastados ou simplesmente cortados a serra ou por outro meio, em blocos ou placas de forma quadrada ou retangular",Itália,156171,20020,comexstat,2026-10-08
25062000,2025,07,"Quartzitos, mesmo desbastados ou simplesmente cortados a serra ou por outro meio, em blocos ou placas de forma quadrada ou retangular",Espanha,38757,93600,comexstat,2026-10-08
25062000,2025,04,"Quartzitos, mesmo desbastados ou simplesmente cortados a serra ou por outro meio, em blocos ou placas de forma quadrada ou retangular",Espanha,35239,96000,comexstat,2026-10-08
25062000,2025,01,"Quartzitos, mesmo desbastados ou simplesmente cortados a serra ou por outro meio, em blocos ou placas de forma quadrada ou retangular",Espanha,24507,63600,comexstat,2026-10-08
25062000,2025,08,"Quartzitos, mesmo desbastados ou simplesmente cortados a serra ou por outro meio, em blocos ou placas de forma quadrada ou retangular",Espanha,23310,48000,comexstat,2026-10-08
25062000,2025,09,"Quartzitos, mesmo desbastados ou simplesmente cortados a serra ou por outro meio, em blocos ou placas de forma quadrada ou retangular",Espanha,22925,48575,comexstat,2026-10-08
25062000,2025,11,"Quartzitos, mesmo desbastados ou simplesmente cortados a serra ou por outro meio, em blocos ou placas de forma quadrada ou retangular",Espanha,19424,46800,comexstat,2026-10-08
25062000,2025,06,"Quartzitos, mesmo desbastados ou simplesmente cortados a serra ou por outro meio, em blocos ou placas de forma quadrada ou retangular",Espanha,18256,48000,comexstat,2026-10-08
25062000,2025,03,"Quartzitos, mesmo desbastados ou simplesmente cortados a serra ou por outro meio, em blocos ou placas de forma quadrada ou retangular",Espanha,15021,46800,comexstat,2026-10-08
