reporterCode,reporterDesc,partnerCode,partnerDesc,period,cmdCode,flowCode,primaryValue,netWgt,qty,qtyUnitAbbr,fonte,coletado_em
76,,0,,2025,2514,X,525560.0,1149090.0,1149091.0,,comtrade,2026-10-08
76,,0,,2025,2515,X,36742008.0,99936610.0,99936610.0,,comtrade,2026-10-08
76,,0,,2025,2516,X,180799025.0,822174824.0,822122531.0,,comtrade,2026-10-08
76,,0,,2025,6801,X,2516539.0,9392944.0,9406854.0,,comtrade,2026-10-08
76,,0,,2025,6802,X,1060392816.0,812032991.709,836669025.709,,comtrade,2026-10-08
76,,0,,2025,6803,X,49949469.0,110936901.0,110942913.0,,comtrade,2026-10-08
156,,0,,2025,2514,X,2733482.0,11688362.0,11688362.0,,comtrade,2026-10-08
156,,0,,2025,2515,X,12599326.0,81604727.0,81604727.0,,comtrade,2026-10-08
156,,0,,2025,2516,X,5545091.0,124687660.65,124687660.65,,comtrade,2026-10-08
156,,0,,2025,6801,X,28698813.0,403690832.0,403690832.0,,comtrade,2026-10-08
156,,0,,2025,6802,X,3170421745.0,4774093732.27,4774093732.27,,comtrade,2026-10-08
156,,0,,2025,6803,X,148306034.0,230416042.0,230416042.0,,comtrade,2026-10-08
300,,0,,2025,2514,X,1682641.226,10938569.0,10938569.0,,comtrade,2026-10-08
300,,0,,2025,2515,X,138475938.081,593824963.0,593824963.0,,comtrade,2026-10-08
300,,0,,2025,2516,X,1654355.739,11091647.0,11091647.0,,comtrade,2026-10-08
300,,0,,2025,6801,X,727641.773,14605156.0,14605156.0,,comtrade,2026-10-08
300,,0,,2025,6802,X,223771534.43,249292218.14,249292218.14,,comtrade,2026-10-08
300,,0,,2025,6803,X,2628364.425,,0.0,,comtrade,2026-10-08
380,,0,,2025,2514,X,1370914.755,2716950.0,2716950.0,,comtrade,2026-10-08
380,,0,,2025,2515,X,453860392.952,963747257.0,963747257.0,,comtrade,2026-10-08
380,,0,,2025,2516,X,46998816.18,107753150.877,107753150.877,,comtrade,2026-10-08
380,,0,,2025,6801,X,55671157.583,151388758.0,151388758.0,,comtrade,2026-10-08
380,,0,,2025,6802,X,1818851149.071,852730344.0,852730344.0,,comtrade,2026-10-08
380,,0,,2025,6803,X,4379932.519,2398011.0,2398011.0,,comtrade,2026-10-08
620,,0,,2025,2514,X,3263259.915,12884273.0,12884273.0,,comtrade,2026-10-08
620,,0,,2025,2515,X,96123854.035,467206974.934,467206974.934,,comtrade,2026-10-08
620,,0,,2025,2516,X,39658715.764,398882163.0,398882163.0,,comtrade,2026-10-08
620,,0,,2025,6801,X,72311758.175,341093637.535,341093637.535,,comtrade,2026-10-08
620,,0,,2025,6802,X,294828845.317,459487833.148,459487833.148,,comtrade,2026-10-08
620,,0,,2025,6803,X,3637937.966,9706389.384,9706389.384,,comtrade,2026-10-08
699,,0,,2025,2514,X,8413010.577,29525767.389,29525767.389,,comtrade,2026-10-08
699,,0,,2025,2515,X,46442510.172,272581301.0,272581301.0,,comtrade,2026-10-08
699,,0,,2025,2516,X,557227387.896,9293430255.0,9293430255.0,,comtrade,2026-10-08
699,,0,,2025,6801,X,28526606.31,119797371.047,119797371.047,,comtrade,2026-10-08
699,,0,,2025,6802,X,1187511758.8,2890931380.918,2890931380.918,,comtrade,2026-10-08
699,,0,,2025,6803,X,21193297.468,17855502.0,17855502.0,,comtrade,2026-10-08
724,,0,,2025,2514,X,7733603.41,9851515.29,9851515.29,,comtrade,2026-10-08
724,,0,,2025,2515,X,58228948.394,235737411.435,235737411.435,,comtrade,2026-10-08
724,,0,,2025,2516,X,66172820.267,,0.0,,comtrade,2026-10-08
724,,0,,2025,6801,X,29861406.65,,0.0,,comtrade,2026-10-08
724,,0,,2025,6802,X,295181646.246,438879241.965,438879241.965,,comtrade,2026-10-08
724,,0,,2025,6803,X,387198928.8,,0.0,,comtrade,2026-10-08
792,,0,,2025,2514,X,39416.0,181293.0,0.0,,comtrade,2026-10-08
842,,0,,2025,2514,X,80057.0,672000.0,672000.0,,comtrade,2026-10-08
792,,0,,2025,2515,X,647066935.0,3312012947.0,0.0,,comtrade,2026-10-08
818,,0,,2025,2515,X,4742792.356,16798823.404,16798823.404,,comtrade,2026-10-08
842,,0,,2025,2515,X,10372535.0,27451855.249,27451855.249,,comtrade,2026-10-08
792,,0,,2025,2516,X,12314134.0,,0.0,,comtrade,2026-10-08
818,,0,,2025,2516,X,1384055.552,5105575.425,5105575.425,,comtrade,2026-10-08
842,,0,,2025,2516,X,19911336.0,,0.0,,comtrade,2026-10-08
792,,0,,2025,6801,X,35659669.0,143477305.0,0.0,,comtrade,2026-10-08
818,,0,,2025,6801,X,137095.59,544205.857,544205.857,,comtrade,2026-10-08
842,,0,,2025,6801,X,1500441.0,2302000.0,2302000.0,,comtrade,2026-10-08
792,,0,,2025,6802,X,1403935086.0,2767895053.0,0.0,,comtrade,2026-10-08
818,,0,,2025,6802,X,312770937.566,394453789.23,394453789.23,,comtrade,2026-10-08
842,,0,,2025,6802,X,83540354.0,256711652.03,256711652.03,,comtrade,2026-10-08
792,,0,,2025,6803,X,622103.0,,0.0,,comtrade,2026-10-08
842,,0,,2025,6803,X,3773341.0,3013434.068,3013434.068,,comtrade,2026-10-08
